neighbourhood_name,zone_name
Grove Park,J
Inman Park,N
West End,T
Lenox,B
Ben Hill Terrace,P
Adair Park,V
Center Hill,J
Ben Hill,P
Midwest Cascade,Q
East Atlanta,W
Kirkwood,O
Washington Park,K
Virginia Highland,F
South River Gardens,Z
,I
Midtown,E
The Villages at Carver,Y
Home Park,E
Pittsburgh,V
Hunter Hills,K
Princeton Lakes,P
Oakland City,S
Downtown,M
Lakewood Heights,Y
,E
Collier Heights,I
Bush Mountain,S
Sylvan Hills,X
Capitol Gateway,V
Mechanicsville,V
Campbellton Road,R
Fairburn Mays,H
Kings Forest,P
North Buckhead,B
Carey Park,G
Reynoldstown,N
Ben Hill Acres,P
Summerhill,V
Old Fourth Ward,M
Bankhead,K
Rockdale,G
East Chastain Park,B
Westwood Terrace,I
Grant Park,W
Ansley Park,E
,P
Atlanta University Center,T
,
Sweet Auburn,M
Adams Park,R
South Atlanta,Y
Hammond Park,X
Harland Terrace,I
Ben Hill Forest,P
Florida Heights,I
Mozley Park,K
Adamsville,H
Woodland Hills,W
West Highlands,G
Southwest,R
Poncey-Highland,N
Loring Heights,E
,R
English Avenue,L
,J
Westview,T
Berkeley Park,D
Lindbergh/Morosgo,B
West Lake,J
Tuxedo Park,A
Perkerson,X
Glenrose Heights,Z
Ormewood Park,W
Vine City,L
Castleberry Hill,M
Greenbriar,R
Almond Park,G
Buckhead Forest,B
Venetian Hills,S
South Tuxedo Park,B
Butner/Tell,P
Buckhead Village,B
Pine Hills,B
,C
Blandtown,D
Beecher Hills,I
Ardmore,E
East Lake,O
Fairburn Heights,H
Lindridge/Martin Manor,F
Morningside/Lenox Park,F
Atlantic Station,E
Capitol View,X
Piedmont Heights,F
Garden Hills,B
Horseshoe Community,I
,F
Chosewood Park,Y
Fort Valley,R
Edgewood,O
Thomasville Heights,Z
Candler Park,N
Leila Valley,Z
Boulevard Heights,W
West Paces Ferry/Northside,A
Lakewood,Z
Bolton,D
Brentwood,P
Joyland,Y
Norwood Manor,Z
Browns Mill Park,Z
Swallow Circle/Baywood,Z
Amal Heights,Y
Baker Hills,H
Buckhead Heights,B
Peoplestown,V
Sandlewood Estates,P
,X
Dixie Hills,J
Brookwood,E
Custer/McDonough/Guice,W
Wisteria Gardens,H
Fairburn Tell,P
Riverside,D
The Villages at Castleberry H,T
,M
Carver Hills,G
Ashley Courts,P
Ashview Heights,T
Hanover West,C
Carroll Heights,H
Underwood Hills,D
Cascade Avenue/Road,S
Brookhaven,B
Laurens Valley,R
Harris Chiles,T
Cabbagetown,N
Marietta Street Artery,E
Brandon,C
Peyton Forest,I
Peachtree Heights West,B
Hills Park,D
Channing Valley,C
Old Gordon,H
Betmar LaVilla,Y
Argonne Forest,C
Oakland,W
Ben Hill Pines,P
Rosedale Heights,Z
Wildwood (NPU-C),C
The Villages at East Lake,O
West Manor,I
Westhaven,I
Deerwood,P
Paces,A
Whittier Mill Village,D
Brookwood Hills,E
Benteen Park,W
Penelope Neighbors,J
Peachtree Park,B
Lake Claire,N
Fairburn,P
Peachtree Battle Alliance,C
English Park,G
Heritage Valley,P
Cross Creek,C
Bankhead/Bolton,H
Niskey Lake,P
High Point,Y
Scotts Crossing,G
,T
Monroe Heights,G
Lincoln Homes,G
Atlanta Industrial Park,G
Brookview Heights,G
Wesley Battle,C
Bakers Ferry,H
Pleasant Hill,A
Washington Park,T
Polar Rock,Z
Bolton Hills,G
Blair Villa/Poole Creek,Z
Mays,H
Memorial Park,C
Peachtree Hills,B
Capitol View Manor,X
Harvel Homes Community,J
Orchard Knob,Z
Knight Park/Howell Station,K
Cascade Heights,I
Mt. Gilead Woods,P
Fairburn Road/Wisteria Lane,H
Wildwood (NPU-H),H
Wilson Mill Meadows,H
Adams Park,I
Druid Hills,N
Venetian Hills,R
Pomona Park,R
Peachtree Heights East,B
Niskey Cove,P
Ridgewood Heights,C
Randall Mill,A
Georgia Tech,E
Audobon Forest,I
Fairway Acres,P
Elmco Estates,P
Kingswood,A
Margaret Mitchell,A
Boulder Park,H
Chastain Park,A
Huntington,P
Just Us,T
Regency Trace,Q
Arlington Estates,P
Bankhead Courts,H
Sherwood Forest,E
Ridgedale Park,B
Colonial Homes,C
Cascade Green,P
Audobon Forest West,I
Chalet Woods,I
Atkins Park,F
Whitewater Creek,A
Mt. Paran/Northside,A
Wyngate,C
Ridgecrest Forest,H
Greenbriar Village,P
Reynoldstown,O
Tampa Park,P
Ivan Hill,I
Rue Royal,P
Briar Glen,P
Meadowbrook Forest,P
Collier Hills,C
Rebel Valley Forest,Z
Castlewood,C
Wildwood Forest,P
English Avenue,K
Mellwood,P
Magnum Manor,I
Oakcliff,H
Midtown,M
